City_ID,City,Lat,Lng,Max Temp,Humidity,Cloudiness,Wind Speed,Country,Date
0,Hithadhoo,-0.6,73.08,83.32,71,100,2.86,MV,2020-11-06 01:13:05
1,South Venice,27.05,-82.42,79.0,78,1,11.41,US,2020-11-06 01:13:05
2,Port Lincoln,-34.73,135.87,55.51,59,98,8.23,AU,2020-11-06 01:13:05
3,Castro,-24.79,-50.01,54.57,64,0,5.39,BR,2020-11-06 01:10:09
4,Saint-Philippe,-21.36,55.77,69.8,60,39,8.05,RE,2020-11-06 01:13:05
5,Ancud,-41.87,-73.82,52.0,71,75,6.93,CL,2020-11-06 01:13:05
6,Hobart,-42.88,147.33,59.0,50,75,18.34,AU,2020-11-06 01:13:05
7,Huilong,31.81,121.66,72.0,74,5,1.72,CN,2020-11-06 01:13:05
8,Thompson,55.74,-97.86,8.6,84,90,9.17,CA,2020-11-06 01:13:05
9,Vila Franca Do Campo,37.72,-25.43,59.0,72,20,8.05,PT,2020-11-06 01:13:05
10,Dawlatabad,36.41,64.91,42.01,63,46,0.92,AF,2020-11-06 01:13:05
11,Kapaa,22.08,-159.32,82.4,83,40,10.29,US,2020-11-06 01:13:05
12,Skibbereen,51.55,-9.27,44.6,87,40,4.7,IE,2020-11-06 01:13:06
13,Road Town,18.42,-64.62,80.6,69,1,4.7,VG,2020-11-06 01:10:25
14,Lavrentiya,65.58,-171.0,35.64,93,100,23.98,RU,2020-11-06 01:13:06
15,Hasaki,35.73,140.83,53.6,81,75,4.7,JP,2020-11-06 01:13:06
16,Adrar,20.5,-10.07,83.37,17,83,8.01,MR,2020-11-06 01:13:06
17,Vaini,-21.2,-175.2,80.6,69,20,11.41,TO,2020-11-06 01:13:06
18,Dikson,73.51,80.55,-1.19,91,0,4.16,RU,2020-11-06 01:13:06
19,Ponta Do Sol,32.67,-17.1,57.2,67,20,5.82,PT,2020-11-06 01:13:06
20,Coquimbo,-29.95,-71.34,55.4,82,0,10.29,CL,2020-11-06 01:08:22
21,Pokhara,28.23,83.98,58.91,36,0,4.7,NP,2020-11-06 01:13:06
22,Sylvan Lake,52.32,-114.09,42.8,75,90,19.46,CA,2020-11-06 01:13:06
23,Auki,-8.77,160.7,84.4,76,57,3.62,SB,2020-11-06 01:13:07
24,Albany,42.6,-73.97,60.8,48,75,8.05,US,2020-11-06 01:13:07
25,Busselton,-33.65,115.33,64.99,64,0,5.99,AU,2020-11-06 01:12:13
26,Mataura,-46.19,168.86,65.71,36,4,1.54,NZ,2020-11-06 01:13:07
27,Bosaso,11.28,49.18,72.63,56,50,7.16,SO,2020-11-06 01:13:07
28,Yekaterinburg,56.86,60.61,37.4,86,90,6.71,RU,2020-11-06 01:13:07
29,Faya,18.39,42.45,59.0,93,0,5.82,SA,2020-11-06 01:13:07
30,Miri,4.41,114.01,78.8,88,20,5.82,MY,2020-11-06 01:13:07
31,Faanui,-16.48,-151.75,79.65,81,0,16.98,PF,2020-11-06 01:13:07
32,Pacific Grove,36.62,-121.92,64.4,68,1,7.0,US,2020-11-06 01:13:07
33,Port Elizabeth,-33.92,25.57,62.6,93,0,12.75,ZA,2020-11-06 01:13:07
34,Batemans Bay,-35.72,150.18,68.0,48,0,7.72,AU,2020-11-06 01:13:07
35,Ushuaia,-54.8,-68.3,44.6,52,40,25.28,AR,2020-11-06 01:11:27
36,Bilma,18.69,12.92,68.79,24,0,11.65,NE,2020-11-06 01:13:08
37,Pevek,69.7,170.31,27.55,96,100,28.21,RU,2020-11-06 01:13:08
38,Fortuna,40.6,-124.16,63.0,93,1,2.46,US,2020-11-06 01:12:59
39,Katsuura,35.13,140.3,59.0,58,75,8.05,JP,2020-11-06 01:13:08
40,Buctzotz,21.2,-88.78,75.96,88,100,7.07,MX,2020-11-06 01:13:08
41,Port Macquarie,-31.43,152.92,72.0,43,95,4.0,AU,2020-11-06 01:13:08
42,Torbay,47.67,-52.73,33.8,69,90,12.75,CA,2020-11-06 01:13:08
43,Moses Lake,47.13,-119.28,53.6,71,90,6.93,US,2020-11-06 01:13:09
44,Sao Filipe,14.9,-24.5,76.6,76,0,3.31,CV,2020-11-06 01:13:09
45,Rikitea,-23.12,-134.97,74.55,69,0,12.44,PF,2020-11-06 01:13:09
46,Hermanus,-34.42,19.23,62.01,72,100,4.0,ZA,2020-11-06 01:13:09
47,Bredasdorp,-34.53,20.04,60.8,82,100,8.05,ZA,2020-11-06 01:13:09
48,Constitucion,-35.33,-72.42,53.53,79,0,13.73,CL,2020-11-06 01:13:09
49,Olinda,-8.01,-34.86,80.6,78,40,8.05,BR,2020-11-06 01:09:07
50,New Norfolk,-42.78,147.06,59.0,60,100,8.99,AU,2020-11-06 01:13:09
51,Kristinehamn,59.31,14.11,51.8,81,19,4.7,SE,2020-11-06 01:13:09
52,Tuktoyaktuk,69.45,-133.04,1.4,70,20,9.17,CA,2020-11-06 01:13:09
53,Iqaluit,63.75,-68.51,14.0,78,90,20.8,CA,2020-11-06 01:13:10
54,Kirksville,40.19,-92.58,62.6,55,1,3.36,US,2020-11-06 01:09:18
55,Hambantota,6.12,81.12,75.2,100,20,6.89,LK,2020-11-06 01:13:10
56,Cape Town,-33.93,18.42,63.0,82,75,25.28,ZA,2020-11-06 01:11:45
57,Taltal,-25.4,-70.48,59.05,69,22,5.08,CL,2020-11-06 01:13:10
58,Saskylakh,71.92,114.08,9.43,95,100,8.72,RU,2020-11-06 01:13:10
59,Khatanga,71.97,102.5,-3.95,90,100,1.36,RU,2020-11-06 01:13:10
60,Hilo,19.73,-155.09,87.8,52,1,11.41,US,2020-11-06 01:13:10
61,Esso,55.93,158.7,25.45,93,95,3.8,RU,2020-11-06 01:13:10
62,Bluff,-46.6,168.33,51.66,58,0,9.01,NZ,2020-11-06 01:13:10
63,Saint-Augustin,51.23,-58.65,40.68,91,100,26.91,CA,2020-11-06 01:13:10
64,Chokurdakh,70.63,147.92,7.11,96,99,10.31,RU,2020-11-06 01:13:10
65,Las Choapas,17.93,-94.08,78.8,78,75,11.41,MX,2020-11-06 01:13:10
66,Chuy,-33.7,-53.46,57.2,92,33,6.96,UY,2020-11-06 01:13:10
67,Husavik,66.04,-17.34,44.6,45,90,13.87,IS,2020-11-06 01:13:10
68,Victoria,22.29,114.16,75.99,76,0,5.88,HK,2020-11-06 01:13:10
69,Damghan,36.17,54.35,51.39,42,0,1.1,IR,2020-11-06 01:13:10
70,Jamestown,42.1,-79.24,60.01,44,1,8.05,US,2020-11-06 01:09:13
71,Luderitz,-26.65,15.16,58.48,91,74,5.14,NA,2020-11-06 01:13:10
72,Karratha,-20.74,116.85,94.89,20,0,13.11,AU,2020-11-06 01:10:50
73,Aitape,-3.14,142.35,81.36,73,100,3.76,PG,2020-11-06 01:13:10
74,Lagoa,39.05,-27.98,60.12,64,10,15.66,PT,2020-11-06 01:13:11
75,Touros,-5.2,-35.46,78.8,83,20,6.93,BR,2020-11-06 01:13:11
76,Solnechnyy,50.72,136.63,28.69,81,100,3.42,RU,2020-11-06 01:13:11
77,Coahuayana,18.73,-103.68,78.8,78,40,5.82,MX,2020-11-06 01:09:38
78,Mount Isa,-20.73,139.5,84.2,12,0,10.29,AU,2020-11-06 01:13:11
79,Wau,7.7,28.0,75.51,69,100,2.77,SS,2020-11-06 01:13:11
80,Gorodovikovsk,46.09,41.93,43.27,78,0,6.26,RU,2020-11-06 01:13:11
81,Butaritari,3.07,172.79,82.44,75,88,8.55,KI,2020-11-06 01:13:11
82,Ilulissat,69.22,-51.1,19.4,67,100,8.05,GL,2020-11-06 01:13:11
83,Kalmunai,7.42,81.82,80.29,75,84,0.76,LK,2020-11-06 01:13:11
84,Punta Arenas,-53.15,-70.92,48.2,49,20,17.22,CL,2020-11-06 01:12:02
85,Bambanglipuro,-7.95,110.28,82.02,79,100,7.23,ID,2020-11-06 01:13:12
86,Bathsheba,13.22,-59.52,80.6,83,40,21.92,BB,2020-11-06 01:13:12
87,Zhigansk,66.77,123.37,-6.45,91,99,5.41,RU,2020-11-06 01:13:12
88,Lompoc,34.64,-120.46,71.6,49,1,10.29,US,2020-11-06 01:09:51
89,Ahipara,-35.17,173.17,69.51,72,95,8.19,NZ,2020-11-06 01:13:12
90,Avarua,-21.21,-159.78,78.8,74,27,10.29,CK,2020-11-06 01:13:12
91,Qaanaaq,77.48,-69.36,-8.39,78,34,6.67,GL,2020-11-06 01:13:12
92,Albanel,48.88,-72.45,41.0,86,100,2.24,CA,2020-11-06 01:08:46
93,Champerico,14.3,-91.92,75.2,94,90,4.7,GT,2020-11-06 01:13:12
94,Tromso,69.65,18.96,39.2,77,75,43.62,NO,2020-11-06 01:13:12
95,Plouzane,48.38,-4.62,44.6,86,0,12.75,FR,2020-11-06 01:13:12
96,Longyearbyen,78.22,15.64,37.4,74,40,18.34,SJ,2020-11-06 01:13:13
97,Puerto Ayora,-0.74,-90.35,70.0,77,86,10.0,EC,2020-11-06 01:13:13
98,Port Alfred,-33.59,26.89,66.51,79,61,9.4,ZA,2020-11-06 01:13:13
99,Shiyan,32.65,110.78,60.69,63,3,6.44,CN,2020-11-06 01:13:13
100,Olafsvik,64.89,-23.71,40.33,69,90,44.94,IS,2020-11-06 01:13:13
101,Ryotsu,38.08,138.43,53.6,81,75,8.05,JP,2020-11-06 01:13:13
102,Livingston,55.9,-3.52,48.99,93,90,4.7,GB,2020-11-06 01:13:13
103,Georgetown,5.41,100.34,80.6,88,20,2.24,MY,2020-11-06 01:13:13
104,Sinaloa,25.0,-107.5,91.4,43,5,6.93,MX,2020-11-06 01:12:03
105,East London,-33.02,27.91,69.58,77,36,6.93,ZA,2020-11-06 01:13:13
106,Aykhal,66.0,111.5,-2.2,84,75,6.71,RU,2020-11-06 01:13:14
107,Coruripe,-10.13,-36.18,76.96,86,0,11.5,BR,2020-11-06 01:08:32
108,Ukiah,39.15,-123.21,82.4,26,1,3.36,US,2020-11-06 01:13:14
109,Tasiilaq,65.61,-37.64,30.2,63,86,9.17,GL,2020-11-06 01:13:14
110,Batetskiy,58.65,30.3,43.25,75,12,11.14,RU,2020-11-06 01:13:14
111,Carutapera,-1.2,-46.02,80.46,76,100,8.95,BR,2020-11-06 01:13:14
112,Gorontalo,0.54,123.06,88.41,58,82,1.88,ID,2020-11-06 01:13:14
113,Coolum Beach,-26.53,153.1,78.01,42,0,5.99,AU,2020-11-06 01:13:14
114,Riyadh,24.69,46.72,59.0,47,0,7.45,SA,2020-11-06 01:10:05
115,La Ronge,55.1,-105.28,15.8,85,100,9.17,CA,2020-11-06 01:13:15
116,Axim,4.87,-2.24,79.2,87,78,5.41,GH,2020-11-06 01:13:15
117,Udachnyy,66.42,112.4,-2.2,84,75,6.71,RU,2020-11-06 01:13:15
118,Honningsvag,70.98,25.97,44.19,80,98,27.0,NO,2020-11-06 01:13:15
119,Turukhansk,65.82,87.98,-4.02,86,0,6.24,RU,2020-11-06 01:13:15
120,Airai,-8.93,125.41,78.15,43,47,3.78,TL,2020-11-06 01:13:15
121,Eregli,37.51,34.05,48.6,81,62,1.88,TR,2020-11-06 01:13:15
122,Tautira,-17.73,-149.15,75.2,83,75,18.34,PF,2020-11-06 01:13:15
123,Provideniya,64.38,-173.3,41.0,80,90,33.55,RU,2020-11-06 01:13:15
124,Tuatapere,-46.13,167.68,57.15,46,0,5.68,NZ,2020-11-06 01:13:15
125,Narsaq,60.92,-46.05,14.0,47,0,6.93,GL,2020-11-06 01:13:15
126,Erenhot,43.65,111.98,35.42,60,0,23.98,CN,2020-11-06 01:13:15
127,Palauig,15.44,119.9,83.17,70,100,2.55,PH,2020-11-06 01:13:15
128,Alofi,-19.06,-169.92,78.8,65,75,17.22,NU,2020-11-06 01:13:15
129,Hurghada,27.26,33.81,69.8,49,0,6.93,EG,2020-11-06 01:13:15
130,Te Anau,-45.42,167.72,59.02,56,32,3.29,NZ,2020-11-06 01:13:15
131,Libreville,0.39,9.45,80.6,88,40,6.93,GA,2020-11-06 01:13:15
132,Srednekolymsk,67.45,153.68,21.69,97,100,21.81,RU,2020-11-06 01:13:15
133,Atikokan,48.76,-91.62,47.5,72,100,11.99,CA,2020-11-06 01:13:16
134,Maragogi,-9.01,-35.22,77.34,86,50,7.54,BR,2020-11-06 01:13:16
135,Atuona,-9.8,-139.03,78.91,74,6,19.86,PF,2020-11-06 01:13:16
136,Alta Floresta,-9.88,-56.09,77.83,63,100,3.42,BR,2020-11-06 01:13:16
137,Bambous Virieux,-20.34,57.76,71.6,83,75,8.05,MU,2020-11-06 01:13:16
138,Pitsunda,43.16,40.34,59.0,87,90,6.71,GE,2020-11-06 01:13:16
139,Souillac,-20.52,57.52,71.6,83,75,8.05,MU,2020-11-06 01:13:16
140,Lembeni,-3.78,37.62,67.08,86,74,4.43,TZ,2020-11-06 01:13:16
141,Brae,60.4,-1.35,51.8,87,100,31.09,GB,2020-11-06 01:13:16
142,Pahalgam,34.03,75.33,36.41,68,0,6.38,IN,2020-11-06 01:13:16
143,Araouane,18.9,-3.53,84.13,18,1,7.45,ML,2020-11-06 01:13:16
144,Sayyan,15.17,44.32,46.69,46,29,1.95,YE,2020-11-06 01:13:16
145,Beringovskiy,63.05,179.32,36.86,92,100,14.56,RU,2020-11-06 01:09:40
146,Bethel,41.37,-73.41,55.99,76,1,6.26,US,2020-11-06 01:13:17
147,Sibolga,1.74,98.78,81.72,66,80,1.81,ID,2020-11-06 01:13:17
148,Lebu,-37.62,-73.65,51.57,77,0,21.92,CL,2020-11-06 01:13:17
149,Hukuntsi,-24.0,21.75,72.81,27,0,7.92,BW,2020-11-06 01:13:17
150,Dom Pedro,-4.48,-44.45,75.36,94,100,2.89,BR,2020-11-06 01:09:11
151,Aswan,24.09,32.91,65.17,63,0,9.06,EG,2020-11-06 01:13:17
152,Kaitangata,-46.28,169.85,55.99,65,0,11.01,NZ,2020-11-06 01:13:17
153,Chicama,-7.84,-79.15,61.12,82,4,4.21,PE,2020-11-06 01:13:17
154,Muroto,33.28,134.15,60.8,72,75,6.93,JP,2020-11-06 01:13:17
155,Aqtobe,50.28,57.21,35.6,59,0,6.71,KZ,2020-11-06 01:13:17
156,Maniitsoq,65.42,-52.9,20.71,94,99,6.44,GL,2020-11-06 01:13:17
157,Thanatpin,17.21,96.3,78.8,94,20,3.36,MM,2020-11-06 01:13:18
158,Marathon,44.9,-89.77,55.4,50,1,4.18,US,2020-11-06 01:13:18
159,Bukachacha,52.98,116.92,21.36,94,100,1.59,RU,2020-11-06 01:13:18
160,Ayan,56.45,138.17,20.44,84,0,17.85,RU,2020-11-06 01:13:18
161,Saint Anthony,45.02,-93.22,57.99,50,1,3.36,US,2020-11-06 01:13:18
162,The Valley,18.22,-63.06,81.0,78,40,10.29,AI,2020-11-06 01:13:18
163,Doctor Arroyo,23.67,-100.18,58.24,47,0,4.29,MX,2020-11-06 01:13:18
164,Missoula,47.02,-113.8,60.8,48,75,10.29,US,2020-11-06 01:13:18
165,Oyek,52.59,104.46,26.6,100,75,6.71,RU,2020-11-06 01:13:18
166,Mezen,65.85,44.24,37.22,96,100,7.74,RU,2020-11-06 01:13:18
167,Cherskiy,68.75,161.3,25.52,93,100,26.26,RU,2020-11-06 01:13:18
168,Banda Aceh,5.56,95.32,81.25,75,29,5.17,ID,2020-11-06 01:13:18
169,Baijiantan,45.63,85.18,32.27,82,0,5.53,CN,2020-11-06 01:13:18
170,Vao,-22.67,167.48,75.56,85,1,8.99,NC,2020-11-06 01:13:18
171,Carnarvon,-24.87,113.63,71.6,88,90,12.75,AU,2020-11-06 01:13:18
172,Gwadar,25.12,62.33,71.51,59,14,4.41,PK,2020-11-06 01:13:18
173,Norman Wells,65.28,-126.83,-7.6,83,75,3.36,CA,2020-11-06 01:13:18
174,Saint George,37.1,-113.58,80.6,22,1,8.12,US,2020-11-06 01:08:19
175,Vero Beach,27.64,-80.4,78.01,83,1,10.29,US,2020-11-06 01:13:19
176,Gavrilovka Vtoraya,52.88,42.77,42.24,76,100,10.07,RU,2020-11-06 01:13:19
177,Bembereke,10.23,2.66,74.16,40,48,3.71,BJ,2020-11-06 01:13:19
178,Trenggalek,-8.05,111.72,80.82,80,88,4.43,ID,2020-11-06 01:09:51
179,Sao Joao Da Barra,-21.64,-41.05,70.39,88,73,8.81,BR,2020-11-06 01:13:19
180,Tamale,9.4,-0.84,81.72,44,50,2.55,GH,2020-11-06 01:13:19
181,Kemijarvi,66.71,27.43,37.06,80,47,13.8,FI,2020-11-06 01:13:19
182,Alekseyevsk,57.84,108.35,24.08,97,100,3.33,RU,2020-11-06 01:13:19
183,Upernavik,72.79,-56.15,4.33,87,0,5.46,GL,2020-11-06 01:08:23
184,Yazykovo,55.22,56.14,39.83,96,99,8.48,RU,2020-11-06 01:13:19
185,Marawi,8.0,124.29,82.0,82,71,4.0,PH,2020-11-06 01:13:19
186,Ribeira Grande,38.52,-28.7,60.3,66,8,15.75,PT,2020-11-06 01:13:19
187,Makakilo City,21.35,-158.09,84.2,66,20,11.41,US,2020-11-06 01:13:19
188,Kloulklubed,7.04,134.26,82.4,83,90,5.82,PW,2020-11-06 01:13:19
189,Ostrovnoy,68.05,39.51,36.25,94,100,2.06,RU,2020-11-06 01:13:19
190,Severo-Kurilsk,50.68,156.12,35.96,81,91,27.72,RU,2020-11-06 01:13:20
191,Xiangfan,32.04,112.14,63.23,53,0,8.48,CN,2020-11-06 01:13:20
192,Swan Hill,-35.34,143.55,64.02,37,54,10.85,AU,2020-11-06 01:13:20
193,Seoul,37.57,126.98,53.6,58,90,3.02,KR,2020-11-06 01:11:46
194,Kodiak,57.79,-152.41,37.4,40,75,5.82,US,2020-11-06 01:11:36
195,Yellowknife,62.46,-114.35,12.2,72,90,13.87,CA,2020-11-06 01:13:02
196,Myitkyina,25.38,97.4,67.93,92,14,1.92,MM,2020-11-06 01:13:20
197,Tutoia,-2.76,-42.27,80.96,77,100,14.45,BR,2020-11-06 01:13:20
198,Taoudenni,22.68,-3.98,77.07,19,63,5.55,ML,2020-11-06 01:13:20
199,Yangjiang,21.85,111.97,77.0,62,0,4.52,CN,2020-11-06 01:13:20
200,Kushima,31.46,131.23,66.2,68,75,9.17,JP,2020-11-06 01:10:26
201,Oranjemund,-28.55,16.43,61.27,79,100,3.24,NA,2020-11-06 01:13:20
202,Trincomalee,8.57,81.23,81.43,77,79,5.39,LK,2020-11-06 01:13:20
203,Tiksi,71.69,128.87,9.73,96,100,6.87,RU,2020-11-06 01:13:20
204,Esperance,-33.87,121.9,60.8,67,75,11.41,AU,2020-11-06 01:11:05
205,Honiara,-9.43,159.95,87.8,74,40,12.75,SB,2020-11-06 01:13:21
206,Dunedin,-45.87,170.5,49.95,75,52,7.99,NZ,2020-11-06 01:13:21
207,Sitka,57.05,-135.33,35.6,47,20,8.05,US,2020-11-06 01:13:21
208,Icatu,-2.78,-44.07,82.4,78,20,8.05,BR,2020-11-06 01:13:21
209,Port Hawkesbury,45.62,-61.35,51.01,81,90,10.29,CA,2020-11-06 01:13:21
210,Mesimerion,40.41,23.01,57.0,87,20,2.24,GR,2020-11-06 01:13:21
211,College,64.86,-147.8,7.0,77,90,3.22,US,2020-11-06 01:13:21
212,Lata,40.16,-8.33,60.01,84,100,7.0,PT,2020-11-06 01:13:22
213,Tual,-5.67,132.75,83.14,72,0,7.49,ID,2020-11-06 01:13:22
214,Acajutla,13.59,-89.83,71.6,100,40,2.71,SV,2020-11-06 01:10:58
215,Hualmay,-11.1,-77.61,61.32,85,10,6.87,PE,2020-11-06 01:13:22
216,Brownwood,31.71,-98.99,64.4,63,40,1.86,US,2020-11-06 01:13:22
217,Creel,27.75,-107.63,54.36,41,15,11.56,MX,2020-11-06 01:13:22
218,Isangel,-19.55,169.27,86.0,79,20,5.82,VU,2020-11-06 01:13:22
219,Naron,43.52,-8.15,57.99,78,100,4.59,ES,2020-11-06 01:13:22
220,Geraldton,-28.77,114.6,82.4,34,0,31.09,AU,2020-11-06 01:13:22
221,Baikunthpur,23.25,82.55,58.55,46,0,1.5,IN,2020-11-06 01:13:22
222,Santa Isabel Do Rio Negro,-0.41,-65.02,75.63,93,100,1.34,BR,2020-11-06 01:13:22
223,Pervomayskiy,53.25,40.29,39.0,81,70,12.84,RU,2020-11-06 01:13:22
224,Sola,-13.88,167.55,86.0,79,40,4.7,VU,2020-11-06 01:13:29
225,Mount Gambier,-37.83,140.77,55.4,66,75,10.29,AU,2020-11-06 01:13:29
226,Castellammare Del Golfo,38.02,12.89,66.0,82,20,9.17,IT,2020-11-06 01:13:29
227,West Bay,19.37,-81.42,78.8,88,90,10.29,KY,2020-11-06 01:13:29
228,Vigrestad,58.57,5.7,50.0,98,100,1.99,NO,2020-11-06 01:13:29
229,Vostok,46.49,135.88,34.23,85,96,5.01,RU,2020-11-06 01:13:29
230,Alihe,50.57,123.72,26.22,94,77,1.43,CN,2020-11-06 01:13:30
231,Shieli,44.17,66.75,37.67,69,0,4.76,KZ,2020-11-06 01:13:30
232,Tigil,57.8,158.67,33.46,86,97,10.0,RU,2020-11-06 01:13:30
233,Kouango,4.99,19.96,70.95,95,86,1.66,CF,2020-11-06 01:13:30
234,Lakatoro,-16.1,167.42,84.2,79,40,6.93,VU,2020-11-06 01:13:30
235,Asfi,32.3,-9.24,63.97,81,49,5.97,MA,2020-11-06 01:13:30
236,Mar Del Plata,-38.0,-57.56,64.99,77,0,4.7,AR,2020-11-06 01:13:30
237,Porbandar,21.64,69.61,76.69,61,0,6.89,IN,2020-11-06 01:13:30
238,Sokoni,-6.43,39.55,78.04,72,50,6.29,TZ,2020-11-06 01:13:30
239,Qaqortoq,60.72,-46.03,14.0,47,0,6.93,GL,2020-11-06 01:13:30
240,Iroquois Falls,48.77,-80.68,33.8,100,90,5.82,CA,2020-11-06 01:13:30
241,Chapais,49.78,-74.85,39.2,93,90,6.93,CA,2020-11-06 01:13:30
242,Lewistown,40.6,-77.57,50.0,81,1,2.57,US,2020-11-06 01:13:30
243,Cidreira,-30.18,-50.21,64.17,73,0,7.61,BR,2020-11-06 01:13:30
244,Grand Forks,47.94,-97.43,59.0,54,75,13.87,US,2020-11-06 01:13:30
245,San Patricio,28.02,-97.52,73.4,64,20,10.29,US,2020-11-06 01:13:30
246,Berdigestyakh,62.1,126.7,1.76,92,96,2.89,RU,2020-11-06 01:13:30
247,Kawalu,-7.38,108.21,77.92,81,100,3.27,ID,2020-11-06 01:13:30
248,Fredericksburg,38.3,-77.46,53.6,87,1,3.89,US,2020-11-06 01:13:30
249,Gravelbourg,49.88,-106.55,53.6,44,5,10.29,CA,2020-11-06 01:13:30
250,Cabo San Lucas,22.89,-109.91,84.2,48,5,5.82,MX,2020-11-06 01:10:02
251,Swellendam,-34.02,20.44,60.8,82,100,8.05,ZA,2020-11-06 01:13:31
252,Nouakchott,18.09,-15.98,73.4,94,0,9.17,MR,2020-11-06 01:13:14
253,La Rioja,42.25,-2.5,55.0,93,90,12.75,ES,2020-11-06 01:13:31
254,Crossville,35.95,-85.03,53.6,66,1,1.25,US,2020-11-06 01:13:31
255,Gorom-Gorom,14.44,-0.24,83.32,24,88,5.88,BF,2020-11-06 01:13:31
256,Independence,39.09,-94.42,66.2,63,1,6.93,US,2020-11-06 01:13:31
257,Bungahan,13.94,120.66,81.55,78,6,7.67,PH,2020-11-06 01:13:31
258,Raduzhnyy,62.1,77.47,30.11,99,100,8.79,RU,2020-11-06 01:13:31
259,Barrow,71.29,-156.79,17.6,72,1,14.99,US,2020-11-06 01:11:11
260,Wapi Pathum,15.85,103.38,78.01,88,20,11.41,TH,2020-11-06 01:13:31
261,Marondera,-18.19,31.55,62.06,79,9,3.74,ZW,2020-11-06 01:13:31
262,Kindu,-2.95,25.95,70.41,98,100,2.62,CD,2020-11-06 01:13:31
263,Muros,42.78,-9.06,57.99,67,0,8.05,ES,2020-11-06 01:13:31
264,Valparaiso,-33.04,-71.63,60.8,82,0,5.82,CL,2020-11-06 01:10:34
265,Saint-Dizier,48.42,5.08,39.0,86,0,6.93,FR,2020-11-06 01:13:31
266,Deputatskiy,69.3,139.9,-6.81,93,98,1.77,RU,2020-11-06 01:13:35
267,Talnakh,69.49,88.4,-4.0,83,0,6.71,RU,2020-11-06 01:13:35
268,West Wendover,40.74,-114.07,60.8,29,1,0.63,US,2020-11-06 01:13:35
269,Asau,46.43,26.4,43.0,85,60,1.34,RO,2020-11-06 01:13:36
270,Buchanan,5.88,-10.05,77.0,94,75,6.55,LR,2020-11-06 01:13:36
271,Korla,41.76,86.15,33.35,81,82,2.33,CN,2020-11-06 01:13:36
272,Luganville,-15.53,167.17,84.2,79,40,6.93,VU,2020-11-06 01:13:36
273,Sinnamary,5.38,-52.95,77.07,85,73,5.99,GF,2020-11-06 01:13:36
274,Chumikan,54.72,135.31,19.47,93,0,20.98,RU,2020-11-06 01:13:36
275,Zhuhai,22.28,113.57,75.99,73,20,6.93,CN,2020-11-06 01:13:36
276,Hovd,48.01,91.64,29.23,83,62,4.32,MN,2020-11-06 01:13:36
277,Banes,20.96,-75.72,75.2,88,90,4.7,CU,2020-11-06 01:13:36
278,Itajuba,-22.43,-45.45,64.4,77,75,8.05,BR,2020-11-06 01:13:36
279,Aquiraz,-3.9,-38.39,80.6,83,40,6.93,BR,2020-11-06 01:13:36
280,Usogorsk,63.41,48.69,36.99,94,100,9.84,RU,2020-11-06 01:13:36
281,Clyde River,70.47,-68.59,-2.2,64,75,20.8,CA,2020-11-06 01:13:36
282,El Alto,-4.27,-81.21,61.39,89,22,18.5,PE,2020-11-06 01:13:36
283,Yar-Sale,66.83,70.83,18.5,97,100,16.8,RU,2020-11-06 01:13:37
284,Palanga,55.92,21.07,53.6,93,97,6.93,LT,2020-11-06 01:13:37
285,Igrim,63.19,64.42,36.43,94,100,9.51,RU,2020-11-06 01:13:37
286,Nikolskoye,59.7,30.79,46.4,65,0,20.13,RU,2020-11-06 01:13:37
287,San Juan,-31.54,-68.54,69.87,23,0,9.82,AR,2020-11-06 01:10:01
288,Mozarlandia,-14.74,-50.57,78.87,56,5,4.79,BR,2020-11-06 01:11:24
289,Hokitika,-42.72,170.97,59.49,95,100,3.87,NZ,2020-11-06 01:13:37
290,Leningradskiy,69.38,178.42,31.1,98,100,23.02,RU,2020-11-06 01:13:37
291,Amapa,1.0,-52.0,73.69,94,100,2.82,BR,2020-11-06 01:13:37
292,Hailey,43.52,-114.32,57.2,33,5,4.7,US,2020-11-06 01:13:37
293,Zavetnoye,47.12,43.89,43.18,76,0,8.12,RU,2020-11-06 01:13:37
294,Tacoronte,28.48,-16.41,64.99,93,90,4.7,ES,2020-11-06 01:13:37
295,La Palma,33.85,-118.05,84.2,20,1,3.36,US,2020-11-06 01:13:37
296,Linxia,35.6,103.21,35.38,76,0,1.52,CN,2020-11-06 01:10:44
297,Kalemie,-5.95,29.19,72.36,82,100,7.02,CD,2020-11-06 01:13:37
298,San Cristobal,7.77,-72.22,66.85,92,34,1.05,VE,2020-11-06 01:13:37
299,Outjo,-20.12,16.15,63.9,40,0,6.85,NA,2020-11-06 01:13:38
300,Tilichiki,60.47,166.1,26.11,93,100,13.58,RU,2020-11-06 01:13:38
301,Merke,42.87,73.18,45.07,45,0,4.29,KZ,2020-11-06 01:13:38
302,Kokopo,-4.35,152.26,85.39,64,30,5.79,PG,2020-11-06 01:13:38
303,Sinazongwe,-17.26,27.46,78.31,60,12,4.09,ZM,2020-11-06 01:13:38
304,Namibe,-15.2,12.15,68.88,67,60,8.88,AO,2020-11-06 01:13:38
305,Vardo,70.37,31.11,39.96,83,72,15.08,NO,2020-11-06 01:13:38
306,Mahebourg,-20.41,57.7,71.6,83,75,8.05,MU,2020-11-06 01:13:38
307,Arraial Do Cabo,-22.97,-42.03,68.94,80,100,13.98,BR,2020-11-06 01:13:38
308,Hamilton,39.18,-84.53,59.0,71,1,3.36,US,2020-11-06 01:11:10
309,Saint Cloud,45.56,-94.16,55.99,43,1,6.93,US,2020-11-06 01:13:38
310,Zonguldak,41.25,31.83,49.48,93,35,0.45,TR,2020-11-06 01:13:38
311,Itoman,26.12,127.67,80.6,88,40,11.41,JP,2020-11-06 01:13:38
312,Belyy Yar,53.6,91.39,35.6,64,0,13.42,RU,2020-11-06 01:13:38
313,Santa Maria,-29.68,-53.81,64.4,72,0,8.05,BR,2020-11-06 01:12:21
314,La Reforma,25.08,-108.05,82.0,67,90,3.0,MX,2020-11-06 01:13:39
315,Natal,-5.79,-35.21,80.6,78,20,9.17,BR,2020-11-06 01:13:39
316,Jamame,0.07,42.75,77.32,86,34,5.12,SO,2020-11-06 01:13:39
317,Zanjan,36.67,48.48,51.76,41,12,5.88,IR,2020-11-06 01:13:39
318,Bergen,60.39,5.33,51.01,100,90,11.41,NO,2020-11-06 01:13:39
319,Kavieng,-2.57,150.8,82.99,77,100,10.27,PG,2020-11-06 01:13:39
320,Agras,40.55,-8.54,60.01,80,100,1.99,PT,2020-11-06 01:13:39
321,Salalah,17.02,54.09,69.8,52,0,5.82,OM,2020-11-06 01:13:39
322,Dicabisagan,17.08,122.42,82.26,66,23,3.89,PH,2020-11-06 01:13:39
323,Nemuro,43.32,145.57,51.8,53,75,9.17,JP,2020-11-06 01:13:39
324,General Roca,-39.03,-67.58,64.4,48,0,6.51,AR,2020-11-06 01:13:39
325,Smithers,54.78,-127.17,42.8,48,75,4.7,CA,2020-11-06 01:11:53
326,Midland,32.0,-102.08,75.2,16,0,3.36,US,2020-11-06 01:13:39
327,Mandalgovi,45.76,106.27,29.53,79,42,13.22,MN,2020-11-06 01:13:39
328,Limon,10.0,-83.03,80.6,78,75,3.36,CR,2020-11-06 01:13:39
329,Kharan,28.58,65.42,52.59,45,0,1.86,PK,2020-11-06 01:13:40
330,Iralaya,15.0,-83.23,80.26,82,100,14.09,HN,2020-11-06 01:13:40
331,Zhezkazgan,47.8,67.71,32.83,71,0,6.31,KZ,2020-11-06 01:13:40
332,Matay,28.42,30.78,58.46,81,0,4.97,EG,2020-11-06 01:13:40
333,Umm Lajj,25.02,37.27,72.93,63,0,9.01,SA,2020-11-06 01:13:40
334,Kamenka,51.32,42.77,43.0,95,88,7.36,RU,2020-11-06 01:13:40
335,Presidente Medici,-11.18,-61.9,80.91,50,74,2.48,BR,2020-11-06 01:13:40
336,Nhulunbuy,-12.23,136.77,89.6,55,20,10.29,AU,2020-11-06 01:13:40
337,Kijang,35.24,129.21,57.2,41,0,2.24,KR,2020-11-06 01:13:40
338,Greytown,-29.06,30.59,61.66,82,100,4.85,ZA,2020-11-06 01:13:40
339,Vanimo,-2.67,141.3,86.76,63,100,4.05,PG,2020-11-06 01:13:40
340,Ishigaki,24.34,124.16,80.6,100,75,10.29,JP,2020-11-06 01:13:40
341,Jaroslaw,50.02,22.68,39.0,100,1,10.47,PL,2020-11-06 01:13:40
342,Rayong,12.83,101.43,77.0,83,20,6.93,TH,2020-11-06 01:13:40
343,Jega,12.22,4.38,83.77,30,56,8.43,NG,2020-11-06 01:13:40
344,Wajima,37.4,136.9,53.6,76,0,2.24,JP,2020-11-06 01:13:40
345,Gazojak,41.19,61.4,44.71,50,72,4.61,TM,2020-11-06 01:13:40
346,Dongying,37.46,118.49,60.26,54,0,12.17,CN,2020-11-06 01:13:40
347,Pochutla,15.74,-96.47,82.4,74,90,2.24,MX,2020-11-06 01:13:40
348,Puerto Cabezas,14.04,-83.39,78.12,90,100,7.61,NI,2020-11-06 01:13:41
349,Levelland,33.59,-102.38,71.6,21,1,8.05,US,2020-11-06 01:13:41
350,Kruisfontein,-34.0,24.73,63.0,95,83,1.01,ZA,2020-11-06 01:13:41
351,Kurandvad,16.68,74.58,65.43,64,0,6.55,IN,2020-11-06 01:13:41
352,Bucak,37.46,30.59,68.0,62,75,10.29,TR,2020-11-06 01:13:41
353,Suntar,62.14,117.63,-0.42,92,31,4.36,RU,2020-11-06 01:13:41
354,Neijiang,29.58,105.06,59.83,73,79,4.5,CN,2020-11-06 01:13:41
355,Otorohanga,-38.18,175.2,72.0,78,99,11.01,NZ,2020-11-06 01:13:41
356,Upata,8.01,-62.4,80.01,88,20,1.01,VE,2020-11-06 01:13:41
357,Sisimiut,66.94,-53.67,18.01,89,100,6.55,GL,2020-11-06 01:13:41
358,Leshan,29.56,103.76,60.44,69,2,0.85,CN,2020-11-06 01:13:41
359,Mmathubudukwane,-24.6,26.43,66.2,93,0,5.82,BW,2020-11-06 01:11:07
360,Kathmandu,27.72,85.32,51.8,100,20,2.24,NP,2020-11-06 01:11:16
361,Grindavik,63.84,-22.43,41.0,65,75,36.91,IS,2020-11-06 01:13:41
362,Chambersburg,39.94,-77.66,54.0,65,100,4.43,US,2020-11-06 01:13:41
363,Muhos,64.81,25.99,42.8,66,0,21.92,FI,2020-11-06 01:13:41
364,Garden City,42.33,-83.33,61.0,54,75,10.29,US,2020-11-06 01:12:03
365,Tomas Oppus,10.25,124.98,83.64,65,100,1.97,PH,2020-11-06 01:13:41
366,Debre Sina,9.85,39.77,49.17,62,45,1.72,ET,2020-11-06 01:13:42
367,Liuzhou,24.31,109.39,71.38,65,0,6.29,CN,2020-11-06 01:13:42
368,Baniyas,35.18,35.95,62.6,72,75,3.36,SY,2020-11-06 01:13:42
369,Gat,31.61,34.76,63.0,92,50,8.81,IL,2020-11-06 01:09:02
370,Daru,-9.08,143.21,82.67,73,41,8.79,PG,2020-11-06 01:13:42
371,Coihaique,-45.58,-72.07,48.2,76,75,2.24,CL,2020-11-06 01:13:42
372,Saldanha,-33.01,17.94,60.8,87,52,9.17,ZA,2020-11-06 01:13:42
373,Aljezur,37.32,-8.8,60.17,82,100,5.53,PT,2020-11-06 01:13:42
374,Elko,41.0,-115.5,69.8,13,1,5.93,US,2020-11-06 01:13:42
375,Cefalu,38.04,14.02,60.01,79,0,1.99,IT,2020-11-06 01:13:42
376,Pilar,-9.6,-35.96,75.2,94,40,3.36,BR,2020-11-06 01:13:42
377,Bontang,0.13,117.5,83.39,71,100,3.51,ID,2020-11-06 01:13:42
378,Tome,-36.62,-72.95,57.2,67,0,17.22,CL,2020-11-06 01:13:42
379,Jumla,29.27,82.18,38.07,55,0,4.5,NP,2020-11-06 01:13:42
380,Chunskiy,56.08,99.63,22.17,94,100,16.67,RU,2020-11-06 01:13:42
381,Zaragoza,41.66,-0.88,59.0,87,90,10.29,ES,2020-11-06 01:12:36
382,Cairns,-16.92,145.77,90.0,54,0,9.17,AU,2020-11-06 01:10:57
383,Ipixuna,-1.76,-48.8,77.0,94,40,4.7,BR,2020-11-06 01:13:42
384,Half Moon Bay,37.46,-122.43,72.0,87,1,10.29,US,2020-11-06 01:13:43
385,Ouesso,1.61,16.05,68.81,95,100,1.59,CG,2020-11-06 01:13:43
386,Sovetskiy,61.36,63.58,35.87,94,100,8.7,RU,2020-11-06 01:13:43
387,Barra Patuca,15.8,-84.28,77.67,91,100,15.9,HN,2020-11-06 01:13:43
388,Bardiyah,31.76,25.09,66.83,72,16,13.22,LY,2020-11-06 01:13:43
389,Inuvik,68.35,-133.72,1.4,70,55,10.29,CA,2020-11-06 01:13:43
390,Mahibadhoo,3.78,72.97,82.56,73,100,6.15,MV,2020-11-06 01:13:43
391,Camacha,33.08,-16.33,59.0,72,40,5.82,PT,2020-11-06 01:13:43
392,Bengkulu,-3.8,102.27,80.42,77,92,3.0,ID,2020-11-06 01:13:43
393,Kerman,30.28,57.08,37.4,29,0,0.6,IR,2020-11-06 01:13:43
394,Saint-Pierre,-21.34,55.48,69.8,60,51,8.05,RE,2020-11-06 01:13:43
395,Kuryk,43.2,51.65,52.65,44,33,11.7,KZ,2020-11-06 01:13:43
396,Flinders,-34.58,150.86,69.01,57,0,4.0,AU,2020-11-06 01:13:43
397,Toamasina,-18.17,49.38,69.8,94,75,3.36,MG,2020-11-06 01:13:43
398,Sembe,1.65,14.58,69.12,92,72,1.14,CG,2020-11-06 01:13:43
399,Zliv,49.07,14.37,30.0,92,0,1.99,CZ,2020-11-06 01:13:43
400,Klaksvik,62.23,-6.59,50.0,100,100,14.99,FO,2020-11-06 01:13:43
401,Tsiroanomandidy,-18.77,46.03,71.78,64,92,3.31,MG,2020-11-06 01:13:43
402,Codrington,-38.27,141.97,55.65,72,100,12.3,AU,2020-11-06 01:13:43
403,Rocha,-34.48,-54.33,52.97,93,42,6.13,UY,2020-11-06 01:13:44
404,Pangnirtung,66.15,-65.71,7.07,73,100,7.16,CA,2020-11-06 01:13:44
405,Arman,59.7,150.17,6.4,84,78,9.98,RU,2020-11-06 01:13:45
406,Golden,39.76,-105.22,62.01,24,0,5.26,US,2020-11-06 01:12:25
407,Praia Da Vitoria,38.73,-27.07,59.0,67,20,17.92,PT,2020-11-06 01:13:45
408,Taksimo,56.34,114.88,12.02,90,96,0.45,RU,2020-11-06 01:13:45
409,Wiwili,13.63,-85.83,73.96,86,100,2.73,NI,2020-11-06 01:13:45
410,Kargasok,59.06,80.86,32.67,97,100,6.42,RU,2020-11-06 01:13:45
411,Camapua,-19.53,-54.04,75.4,34,0,4.18,BR,2020-11-06 01:13:45
412,Christchurch,-43.53,172.63,61.0,72,100,11.41,NZ,2020-11-06 01:13:11
413,Tomatlan,19.93,-105.25,76.15,88,39,1.32,MX,2020-11-06 01:13:45
414,Pundaguitan,6.37,126.17,81.59,78,100,8.23,PH,2020-11-06 01:13:45
415,Tucuman,-26.82,-65.22,80.6,36,0,4.7,AR,2020-11-06 01:12:16
416,Soyo,-6.13,12.37,78.49,85,100,6.73,AO,2020-11-06 01:09:44
417,Vanavara,60.34,102.28,-0.38,90,94,11.1,RU,2020-11-06 01:13:45
418,Baruun-Urt,46.68,113.28,28.58,73,0,17.25,MN,2020-11-06 01:13:45
419,Alice Springs,-23.7,133.88,71.6,17,75,12.75,AU,2020-11-06 01:13:46
420,Talaya,61.38,152.75,-7.44,87,100,4.45,RU,2020-11-06 01:13:46
421,Labuhan,-6.88,112.21,84.04,71,100,4.34,ID,2020-11-06 01:13:46
422,Yeppoon,-23.13,150.73,86.0,35,0,6.93,AU,2020-11-06 01:13:46
423,Dubbo,-32.25,148.62,69.8,46,40,5.82,AU,2020-11-06 01:13:46
424,Perumpavur,10.13,76.48,75.2,94,40,4.7,IN,2020-11-06 01:13:46
425,Lashio,22.93,97.75,64.49,96,20,0.92,MM,2020-11-06 01:13:46
426,Lehigh Acres,26.63,-81.62,75.99,78,20,11.41,US,2020-11-06 01:13:11
427,Cururupu,-1.83,-44.87,78.85,81,90,4.81,BR,2020-11-06 01:13:46
428,Pio Ix,-6.84,-40.58,78.55,55,12,3.65,BR,2020-11-06 01:11:06
429,Santa Rosa,14.31,121.11,86.0,78,75,3.36,PH,2020-11-06 01:13:46
430,Bouca,6.51,18.27,70.75,81,100,3.11,CF,2020-11-06 01:11:07
431,Upington,-28.45,21.26,62.6,63,0,9.17,ZA,2020-11-06 01:13:47
432,Tonantins,-2.87,-67.8,75.85,95,99,2.13,BR,2020-11-06 01:13:13
433,Muisne,0.6,-80.03,73.76,79,93,6.17,EC,2020-11-06 01:13:48
434,Yarmouth,41.71,-70.23,61.0,100,90,9.17,US,2020-11-06 01:13:48
435,Key West,24.56,-81.78,80.6,83,40,14.99,US,2020-11-06 01:12:18
436,Nome,64.5,-165.41,39.99,86,90,19.46,US,2020-11-06 01:13:48
437,Villazon,-22.09,-65.59,50.81,64,100,13.44,BO,2020-11-06 01:13:48
438,Kenai,60.55,-151.26,23.0,45,90,3.36,US,2020-11-06 01:13:48
439,Isabela,6.71,121.97,84.78,68,100,3.78,PH,2020-11-06 01:13:48
440,Kununurra,-15.77,128.73,91.4,55,0,6.93,AU,2020-11-06 01:13:48
441,Copiapo,-27.37,-70.33,57.2,76,0,3.36,CL,2020-11-06 01:13:48
442,Abilene,32.45,-99.73,75.2,38,1,3.36,US,2020-11-06 01:10:36
443,Samarai,-10.62,150.67,81.73,79,67,9.86,PG,2020-11-06 01:13:48
444,Birjand,32.87,59.22,41.0,18,0,6.93,IR,2020-11-06 01:13:48
445,Havre-Saint-Pierre,50.23,-63.6,37.4,100,90,6.93,CA,2020-11-06 01:13:48
446,Xiongzhou,25.12,114.3,70.7,56,0,3.09,CN,2020-11-06 01:13:48
447,Hami,42.8,93.45,30.78,75,0,1.99,CN,2020-11-06 01:13:48
448,Baghdad,33.34,44.4,64.4,63,0,5.82,IQ,2020-11-06 01:11:02
449,Poum,-20.23,164.02,78.26,80,2,10.36,NC,2020-11-06 01:13:48
450,Henties Bay,-22.12,14.28,60.01,92,4,1.99,NA,2020-11-06 01:13:48
451,Edd,13.93,41.69,78.98,51,97,11.43,ER,2020-11-06 01:13:49
452,Mayo,38.89,-76.51,57.99,99,0,7.9,US,2020-11-06 01:13:49
453,Dargaville,-35.93,173.88,71.58,65,7,9.98,NZ,2020-11-06 01:13:50
454,Harper,4.38,-7.72,78.62,86,89,9.33,LR,2020-11-06 01:13:50
455,Laguna,38.42,-121.42,73.99,43,1,4.7,US,2020-11-06 01:13:50
456,Vredendal,-31.67,18.5,59.97,86,100,10.07,ZA,2020-11-06 01:13:50
457,Morondava,-20.28,44.28,75.96,75,99,3.53,MG,2020-11-06 01:13:50
458,Ginda,30.69,78.49,46.53,46,0,5.95,IN,2020-11-06 01:13:50
459,Bilibino,68.05,166.44,20.93,94,100,4.65,RU,2020-11-06 01:13:50
460,Rio Grande,-32.03,-52.1,63.0,92,5,14.07,BR,2020-11-06 01:13:06
461,Anchorage,61.22,-149.9,19.99,52,90,5.82,US,2020-11-06 01:13:10
462,Sorland,67.67,12.69,44.24,74,100,22.15,NO,2020-11-06 01:13:50
463,Pisco,-13.7,-76.22,64.4,88,0,13.87,PE,2020-11-06 01:13:50
464,Pyaozerskiy,65.83,31.17,37.58,79,82,14.94,RU,2020-11-06 01:13:50
465,Guerrero Negro,27.98,-114.06,76.08,49,100,13.56,MX,2020-11-06 01:13:50
466,Caxito,-8.58,13.66,78.8,83,75,5.82,AO,2020-11-06 01:13:50
467,Chardara,41.25,67.97,47.64,51,0,4.36,KZ,2020-11-06 01:13:50
468,Yenagoa,4.92,6.26,76.5,94,85,3.69,NG,2020-11-06 01:13:50
469,Ust-Kuyga,70.02,135.6,-20.07,85,97,3.62,RU,2020-11-06 01:13:50
470,Sesheke,-17.48,24.3,71.6,53,18,1.12,ZM,2020-11-06 01:13:50
471,Quatre Cocos,-20.21,57.76,71.6,83,75,8.05,MU,2020-11-06 01:13:50
472,Pueblo Bello,8.2,-76.53,75.0,89,100,3.62,CO,2020-11-06 01:13:50
473,Nanortalik,60.14,-45.24,29.26,83,0,38.99,GL,2020-11-06 01:13:50
474,Poitiers,46.58,0.33,46.4,81,0,5.82,FR,2020-11-06 01:13:50
475,Jishu,44.32,126.8,49.3,68,100,19.82,CN,2020-11-06 01:13:51
476,Mogocha,53.73,119.77,17.87,94,100,1.66,RU,2020-11-06 01:13:51
477,Yulara,-25.24,130.99,69.8,16,75,14.99,AU,2020-11-06 01:13:51
478,Verkhnyaya Inta,65.98,60.31,35.33,94,100,12.15,RU,2020-11-06 01:13:51
479,Lorengau,-2.02,147.27,81.27,77,100,2.66,PG,2020-11-06 01:13:51
480,Karpathos,35.51,27.21,66.2,72,0,21.92,GR,2020-11-06 01:13:51
481,Nyurba,63.28,118.33,-2.4,92,70,2.89,RU,2020-11-06 01:13:51
482,Imeni Poliny Osipenko,52.42,136.49,24.55,89,0,5.66,RU,2020-11-06 01:13:51
483,Bima,-8.47,118.72,91.0,50,1,2.3,ID,2020-11-06 01:13:51
484,Peniche,39.36,-9.38,59.0,84,100,8.01,PT,2020-11-06 01:13:51
485,Kang,-23.68,22.79,71.42,28,0,4.07,BW,2020-11-06 01:13:51
486,Mwanza,-2.52,32.9,74.77,67,100,4.23,TZ,2020-11-06 01:13:51
487,Whitehorse,60.72,-135.05,3.2,65,20,6.93,CA,2020-11-06 01:12:58
488,Redmond,47.67,-122.12,48.0,95,100,3.13,US,2020-11-06 01:13:26
489,Buala,-8.14,159.59,85.73,63,60,0.78,SB,2020-11-06 01:13:51
490,Lekoni,-1.58,14.26,69.44,93,99,2.57,GA,2020-11-06 01:13:51
491,Gunnedah,-30.98,150.25,66.2,45,40,12.75,AU,2020-11-06 01:13:51
492,Thio,-21.62,166.22,87.8,58,0,6.93,NC,2020-11-06 01:13:51
493,Sun City West,33.66,-112.34,89.01,14,75,4.7,US,2020-11-06 01:13:51
494,Huarmey,-10.07,-78.15,61.72,85,3,6.44,PE,2020-11-06 01:13:51
495,Basco,20.45,121.97,80.22,87,100,49.44,PH,2020-11-06 01:13:51
496,Bandarbeyla,9.49,50.81,72.84,69,16,5.93,SO,2020-11-06 01:13:52
497,Secunda,-26.55,29.17,57.0,84,0,3.0,ZA,2020-11-06 01:13:52
498,Hirara,24.8,125.28,80.6,88,75,14.99,JP,2020-11-06 01:13:52
499,Shubarshi,48.59,57.19,42.15,51,100,9.04,KZ,2020-11-06 01:13:52
500,Kashi,39.45,75.98,42.8,30,0,11.18,CN,2020-11-06 01:13:52
501,Hay River,60.82,-115.8,12.2,78,100,5.82,CA,2020-11-06 01:13:52
502,High Rock,26.62,-78.28,75.2,88,75,10.29,BS,2020-11-06 01:13:52
503,Wanning,18.8,110.4,75.52,89,100,12.97,CN,2020-11-06 01:13:52
504,Aguililla,18.73,-102.73,67.51,76,74,2.33,MX,2020-11-06 01:13:52
505,Pontianak,-0.03,109.33,82.62,77,100,2.53,ID,2020-11-06 01:13:52
506,Aripuana,-9.17,-60.63,79.07,63,45,2.04,BR,2020-11-06 01:13:52
507,Sur,22.57,59.53,74.44,55,0,8.68,OM,2020-11-06 01:13:52
508,Hearst,49.68,-83.67,32.0,97,100,3.36,CA,2020-11-06 01:13:52
509,Vila Do Maio,15.13,-23.22,75.2,88,20,4.7,CV,2020-11-06 01:13:52
510,Whitianga,-36.83,175.7,71.26,65,52,9.28,NZ,2020-11-06 01:13:52
511,Molteno,-31.4,26.36,55.71,77,2,8.79,ZA,2020-11-06 01:13:52
512,Alveringem,50.98,2.68,39.0,100,0,5.82,BE,2020-11-06 01:13:52
513,Talavera,15.62,120.93,80.6,83,75,4.7,PH,2020-11-06 01:13:52
514,Glendive,47.11,-104.71,57.99,46,1,6.93,US,2020-11-06 01:13:52
515,Nishihara,26.18,127.76,80.6,100,90,10.29,JP,2020-11-06 01:13:53
516,Pitimbu,-7.47,-34.81,78.8,83,20,5.82,BR,2020-11-06 01:11:42
517,Pathein,16.78,94.73,77.4,88,0,4.52,MM,2020-11-06 01:11:55
518,Luanda,-8.84,13.23,78.8,83,75,5.82,AO,2020-11-06 01:11:53
519,Kankaanpaa,61.8,22.42,48.2,70,0,19.46,FI,2020-11-06 01:13:53
520,Vilaka,57.18,27.67,45.12,90,2,11.03,LV,2020-11-06 01:13:53
521,Drayton Valley,53.22,-114.99,33.01,91,1,5.75,CA,2020-11-06 01:13:53
522,Santa Cruz De Tenerife,28.47,-16.25,64.99,93,90,4.7,ES,2020-11-06 01:13:53
523,Atambua,-9.11,124.89,88.68,44,0,1.63,ID,2020-11-06 01:13:53
524,Cozumel,20.51,-86.95,78.8,94,75,6.93,MX,2020-11-06 01:13:53
525,Avera,33.19,-82.53,64.4,77,1,4.7,US,2020-11-06 01:13:53
526,Pangody,65.85,74.49,13.28,96,100,16.8,RU,2020-11-06 01:13:53
527,Batagay-Alyta,67.8,130.41,-13.95,80,91,0.89,RU,2020-11-06 01:13:53
528,Ararat,39.83,44.7,51.8,93,75,4.7,AM,2020-11-06 01:13:53
529,Doume,4.23,13.45,67.1,97,1,0.6,CM,2020-11-06 01:13:53
530,Yichang,30.71,111.28,60.13,71,100,2.59,CN,2020-11-06 01:13:53
531,Haines Junction,60.75,-137.51,-5.8,76,2,1.12,CA,2020-11-06 01:13:53
532,Nuuk,64.18,-51.72,19.4,57,26,1.12,GL,2020-11-06 01:13:53
533,Awjilah,29.11,21.29,62.19,87,58,10.2,LY,2020-11-06 01:13:53
534,Starogard Gdanski,53.96,18.53,48.99,100,56,16.46,PL,2020-11-06 01:13:53
535,Wolfsberg,46.84,14.84,44.6,87,75,1.12,AT,2020-11-06 01:13:53
536,Meulaboh,4.14,96.13,79.36,83,13,4.07,ID,2020-11-06 01:13:53
537,Gizo,-8.1,156.84,86.49,66,98,6.02,SB,2020-11-06 01:13:54
538,Margate,51.38,1.39,51.01,75,48,1.99,GB,2020-11-06 01:13:54
539,Acapulco,16.86,-99.89,84.2,74,75,10.29,MX,2020-11-06 01:13:11
540,Ballybofey,54.8,-7.78,48.61,90,100,2.17,IE,2020-11-06 01:13:54
541,Namatanai,-3.67,152.43,85.46,68,100,6.78,PG,2020-11-06 01:13:54
542,Pombas,17.15,-25.02,77.0,73,20,4.7,CV,2020-11-06 01:13:54
543,Were Ilu,10.6,39.43,47.03,72,34,3.65,ET,2020-11-06 01:13:54
544,Tazlau,46.72,26.47,43.0,87,47,9.17,RO,2020-11-06 01:13:54
545,Butembo,0.15,29.28,57.56,100,100,2.91,CD,2020-11-06 01:13:54
546,Fria,10.42,-13.58,72.5,95,64,0.29,GN,2020-11-06 01:13:54
547,Uaua,-9.84,-39.48,76.06,78,19,14.74,BR,2020-11-06 01:09:23
548,Cayenne,4.93,-52.33,75.2,100,0,5.57,GF,2020-11-06 01:13:54
549,Sawtell,-30.38,153.1,70.0,49,90,11.41,AU,2020-11-06 01:13:54
550,Victor Harbor,-35.57,138.62,60.01,63,100,1.01,AU,2020-11-06 01:13:54
551,San Quintin,30.48,-115.95,71.73,54,100,6.71,MX,2020-11-06 01:13:54
552,San Angelo,31.46,-100.44,73.4,40,1,4.7,US,2020-11-06 01:13:54
553,Kondinskoye,59.65,67.41,33.69,95,100,10.96,RU,2020-11-06 01:13:54
554,Fort Nelson,58.81,-122.7,8.6,78,90,9.17,CA,2020-11-06 01:13:54
555,Guaratuba,-25.88,-48.57,66.2,72,75,6.93,BR,2020-11-06 01:13:54
556,Mahon,39.89,4.27,66.2,82,91,14.99,ES,2020-11-06 01:13:54
557,Sistranda,63.73,8.83,50.0,100,90,35.57,NO,2020-11-06 01:13:54
558,Uray,60.12,64.78,35.33,94,100,10.16,RU,2020-11-06 01:13:55
559,Svetlaya,46.54,138.33,41.7,64,33,5.55,RU,2020-11-06 01:13:55
